id;code_pays;libelle;devise
1;Nord-Pas-de-Calais firewall;Cambridgeshire digital online;Avon Russie methodologies
2;Bike;logistical Granite Tasty;frictionless applications redefine
3;Health;Upgradable empowering;portals mission-critical deposit
4;Architecte Avon;Bac compressing Ã‰quateur;Home Laffitte Buckinghamshire
5;for white Rubber;Refined;Account
6;Rial;Agent connect;expedite Seamless Buckinghamshire
7;needs-based efficient leading-edge;payment navigate;hacking bluetooth
8;migration;strategize Technicien mission-critical;optical Ball
9;Tools Gloves architecture;c AGP ADP;online Alsace SDD
10;Outdoors;Tuna Electronics extend;c
